-1,02;-1,44
-4,4;-1,54
-7,09;-1,58
-9,29;-1,66
-10,93;-1,73
-12,07;-1,79
-12,6;-1,82
-12,54;-1,81
-11,92;-1,75
-10,81;-1,61
-9,26;-1,4
-7,35;-1,1
-5,16;-0,73
-2,72;-0,29
-0,09;0,25
0,35;0,02
0,35;0,02
0,35;0,01
0,35;0,02
0,35;0,12
3,72;0,86
6,94;1,25
9,52;1,66
11,42;2,02
12,74;2,3
13,5;2,49
13,65;2,54
13,27;2,47
12,39;2,3
11,1;2,04
9,46;1,7
7,47;1,29
5,27;0,83
2,84;0,31
0,26;-0,17
0,35;0,01
0,35;0,01
0,35;0,01
0,35;0,01
0,35;-0,22
-3,25;-0,95
-6,39;-1,42
-8,85;-1,86
-10,66;-2,22
-11,86;-2,47
-12,57;-2,6
-12,68;-2,57
-12,3;-2,44
-11,46;-2,23
-10,2;-1,95
-8,58;-1,61
-6,62;-1,2
-4,42;-0,75
-2,02;-0,24
0,44;0,17
0,35;0,02
0,35;0,02
0,35;0,02
0,35;0,01
0,35;0,57
4,34;1,02
7,41;1,5
9,82;1,92
11,57;2,25
12,8;2,47
13,48;2,57
13,59;2,53
13,24;2,41
12,36;2,2
11,08;1,91
9,46;1,59
7,5;1,2
5,3;0,77
2,84;0,27
0,26;-0,18
0,35;0,01
0,35;0,01
0,35;0,01
0,35;0,01
0,35;-0,25
-3,25;-0,92
-6,42;-1,37
-8,88;-1,77
-10,72;-2,07
-11,98;-2,28
-12,74;-2,4
-12,89;-2,39
-12,54;-2,28
-11,69;-2,08
-10,4;-1,81
-8,79;-1,47
-6,86;-0,99
-4,72;-0,58
-2,28;-0,18
0,35;0,22
0,35;0,02
0,35;0,01
0,35;0,02
0,35;0,01
0,35;0,36
4,1;0,86
7,26;1,24
9,78;1,56
11,72;1,82
13,07;1,98
13,92;2,09
14,15;2,1
13,86;2,03
13,07;1,89
11,81;1,68
10,17;1,42
8,14;1,09
5,92;0,72
3,4;0,3
0,7;-0,22
0,35;0,01
0,35;0,01
0,35;0,01
0,35;0,01
0,35;0,01
-2,58;-0,83
-5,89;-1,16
-8,47;-1,51
-10,43;-1,78
-11,81;-1,97
-12,68;-2,08
-12,92;-2,09
-12,63;-2,02
-11,84;-1,87
-10,58;-1,64
-8,96;-1,36
-6,97;-1,02
-4,75;-0,63
-2,26;-0,2
0,38;0,21
0,35;0,02
0,35;0,01
0,35;0,01
0,35;0,01
0,35;0,35
4,1;0,9
7,26;1,29
9,73;1,65
11,63;1,91
12,92;2,09
13,71;2,19
13,89;2,18
13,56;2,1
12,72;1,92
11,46;1,69
9,78;1,4
7,79;1,05
5,57;0,67
3,05;0,24
0,41;-0,19
0,35;0,01
0,35;0,01
0,35;0,01
0,35;0,01
0,35;-0,08
-3,02;-0,83
-6,21;-1,2
-8,76;-1,54
-10,66;-1,81
-12,01;-1,98
-12,83;-2,08
-13,04;-2,08
-12,72;-1,98
-11,9;-1,82
-10,64;-1,58
-9;-1,3
-7;-0,97
-4,78;-0,6
-2,26;-0,18
0,41;0,21
0,35;0,02
0,35;0,02
0,35;0,01
0,35;0,01
0,35;0,38
4,16;0,88
7,3;1,25
9,78;1,58
11,66;1,83
12,98;1,99
13,77;2,08
13,98;2,07
13,65;1,98
12,8;1,81
11,54;1,58
9,9;1,27
7,91;0,91
5,68;0,54
3,16;0,16
0,5;-0,22
0,35;0,01
0,35;0,01
0,35;0,01
0,35;0,01
0,35;0
-2,75;-0,7
-6,06;-0,94
-8,73;-1,19
-10,78;-1,38
-12,28;-1,5
-13,27;-1,55
-13,62;-1,54
-13,45;-1,47
-12,72;-1,35
-11,51;-1,18
-9,93;-0,98
-7,94;-0,74
-5,68;-0,47
-3,1;-0,16
-0,35;0,23
0,35;0,02
0,35;0,02
0,38;0,01
0,35;0,01
0,35;0,01
3,16;0,72
6,53;0,89
9,23;1,13
11,34;1,32
12,86;1,46
13,86;1,54
14,21;1,54
14,03;1,48
13,33;1,36
12,13;1,19
10,55;0,99
8,56;0,75
6,3;0,48
3,69;0,17
0,94;-0,22
0,35;0,01
0,35;0,01
0,35;0,01
0,35;0,02
0,35;0,01
-2,2;-0,71
-5,6;-0,85
-8,35;-1,08
-10,46;-1,26
-11,98;-1,4
-13,01;-1,48
-13,39;-1,48
-13,18;-1,42
-12,48;-1,3
-11,28;-1,15
-9,67;-0,94
-7,68;-0,7
-5,42;-0,43
-2,81;-0,12
-0,09;0,28
0,35;0,02
0,35;0,02
0,38;0,01
0,35;0,01
0,38;0,03
3,52;0,71
6,8;0,92
9,46;1,16
11,51;1,34
13,01;1,47
13,98;1,54
14,3;1,53
14,09;1,48
13,33;1,35
12,1;1,19
10,49;0,99
8,47;0,74
6,18;0,47
3,58;0,16
0,82;-0,25
0,38;0,01
0,35;0,01
0,35;0,01
0,35;0,01
0,35;0,01
-2,55;-0,68
-5,89;-0,87
-8,58;-1,11
-10,64;-1,29
-12,13;-1,42
-13,1;-1,49
-13,42;-1,48
-13,18;-1,42
-12,45;-1,3
-11,22;-1,14
-9,58;-0,94
-7,56;-0,69
-5,27;-0,42
-2,7;-0,1
0,09;0,28
0,35;0,02
0,35;0,02
0,35;0,02
0,35;0,01
0,35;0,1
3,72;0,7
6,97;0,94
9,61;1,17
11,63;1,35
13,1;1,48
14;1,54
14,3;1,53
14,06;1,47
13,27;1,35
12,01;1,19
10,37;0,98
8,32;0,73
6,04;0,45
3,43;0,14
0,64;-0,25
0,38;0,01
0,38;0,01
0,35;0,01
0,35;0,01
0,38;0
-2,75;-0,67
-6,04;-0,88
-8,7;-1,12
-10,72;-1,3
-12,19;-1,43
-13,12;-1,48
-13,42;-1,48
-13,16;-1,42
-12,36;-1,3
-11,1;-1,14
-9,46;-0,93
-7,41;-0,68
-5,13;-0,4
-2,49;-0,08
0,26;0,25
0,35;0,02
0,35;0,02
0,35;0,01
0,38;0,02
0,35;0,25
3,98;0,71
7,21;0,96
9,78;1,19
11,75;1,36
13,18;1,48
14,06;1,54
14,33;1,54
14,03;1,47
13,21;1,35
11,92;1,18
10,25;0,97
8,2;0,72
5,89;0,44
3,25;0,12
0,5;-0,23
0,38;0,01
0,35;0,01
0,35;0,01
0,38;0,01
0,35;-0,08
-3,02;-0,67
-6,24;-0,9
-8,85;-1,14
-10,84;-1,31
-12,28;-1,44
-13,16;-1,49
-13,42;-1,48
-13,12;-1,43
-12,33;-1,3
-11,04;-1,13
-9,34;-0,92
-7,3;-0,67
-4,98;-0,39
-2,34;-0,07
0,44;0,22
0,35;0,02
0,35;0,01
0,38;0,01
0,38;0,01
0,38;0,4
4,16;0,72
7,35;0,97
9,9;1,2
11,84;1,37
13,24;1,49
14,09;1,55
14,3;1,54
14;1,47
13,12;1,35
11,84;1,18
10,11;0,96
8,06;0,71
5,71;0,43
3,08;0,1
0,32;-0,19
0,35;0,01
0,38;0,01
0,38;0,01
0,38;0,01
0,38;-0,19
-3,22;-0,68
-6,42;-0,92
-8,96;-1,15
-10,93;-1,32
-12,33;-1,45
-13,18;-1,5
-13,42;-1,49
-13,1;-1,42
-12,25;-1,3
-10,93;-1,13
-9,23;-0,91
-7,12;-0,66
-4,8;-0,37
-2,14;-0,04
0,44;0,17
0,35;0,02
0,38;0,01
0,38;0,01
0,38;0,01
0,44;0,59
4,45;0,74
7,56;0,99
10,05;1,22
11,95;1,39
13,33;1,5
14,12;1,55
14,33;1,54
13,98;1,47
13,1;1,34
11,75;1,17
10,02;0,95
7,94;0,69
5,57;0,41
2,9;0,08
0,29;-0,15
0,38;0,01
0,38;0,01
0,38;0,01
0,35;0,01
0,35;-0,39
-3,46;-0,69
-6,62;-0,94
-9,14;-1,17
-11,04;-1,34
-12,42;-1,46
-13,24;-1,5
-13,42;-1,49
-13,07;-1,42
-12,19;-1,29
-10,84;-1,12
-9,11;-0,89
-7,03;-0,64
-4,66;-0,35
-1,99;-0,02
0,41;0,14
0,38;0,02
0,38;0,02
0,35;0,01
0,38;0,01
0,7;0,73
4,63;0,75
7,7;1,01
10,17;1,23
12,04;1,39
13,39;1,51
14,15;1,55
14,3;1,54
13,92;1,46
13,01;1,33
11,66;1,15
9,9;0,93
7,79;0,68
5,42;0,39
2,75;0,06
0,35;-0,11
0,38;0,01
0,35;0,01
0,35;0,01
0,38;0,01
0,38;-0,54
-3,66;-0,7
-6,77;-0,95
-9,26;-1,17
-11,16;-1,34
-12,48;-1,45
-13,27;-1,5
-13,42;-1,48
-13,04;-1,41
-12,13;-1,27
-10,78;-1,1
-9;-0,87
-6,92;-0,63
-4,51;-0,33
-1,84;0
0,38;0,11
0,38;0,02
0,38;0,01
0,35;0,01
0,38;0,01
0,94;0,83
4,8;0,76
7,85;1,01
10,28;1,23
12,13;1,39
13,45;1,5
14,18;1,54
14,33;1,52
13,89;1,44
12,95;1,31
11,6;1,13
9,78;0,91
7,7;0,66
5,3;0,36
2,61;0,03
0,35;-0,08
0,38;0,01
0,38;0,01
0,38;0,01
0,35;0,01
0,09;-0,66
-3,84;-0,7
-6,92;-0,96
-9,38;-1,17
-11,22;-1,33
-12,54;-1,44
-13,3;-1,48
-13,42;-1,46
-13,01;-1,38
-12,07;-1,25
-10,69;-1,07
-8,91;-0,85
-6,8;-0,6
-4,4;-0,31
-1,7;0,01
0,38;0,08
0,35;0,02
0,38;0,01
0,38;0,01
0,38;0,01
1,17;0,9
4,98;0,76
8;1,02
10,4;1,22
12,22;1,38
13,5;1,48
14,21;1,52
14,33;1,49
13,89;1,42
12,92;1,28
11,54;1,1
9,73;0,88
7,62;0,63
5,18;0,34
2,49;0,02
0,35;-0,06
0,38;0,01
0,38;0,01
0,35;0,01
0,38;0,01
-0,15;-0,76
-4,01;-0,71
-7,03;-0,96
-9,49;-1,17
-11,31;-1,32
-12,63;-1,43
-13,33;-1,46
-13,42;-1,44
-13,01;-1,36
-12,04;-1,22
-10,64;-1,04
-8,82;-0,82
-6,71;-0,58
-4,31;-0,29
-1,61;0,03
0,38;0,07
0,38;0,02
0,38;0,02
0,38;0,01
0,38;0,01
1,35;0,93
5,1;0,77
8,12;1,01
10,49;1,21
12,3;1,36
13,56;1,47
14,24;1,49
14,3;1,47
13,86;1,39
12,89;1,25
11,46;1,07
9,64;0,85
7,5;0,61
5,07;0,32
2,37;0
0,35;-0,04
0,38;0,01
0,38;0,01
0,35;0,01
0,38;0,01
-0,32;-0,83
-4,13;-0,71
-7,18;-0,95
-9,58;-1,16
-11,37;-1,3
-12,66;-1,41
-13,36;-1,44
-13,42;-1,41
-12,98;-1,33
-11,98;-1,19
-10,58;-1,02
-8,76;-0,8
-6,62;-0,55
-4,16;-0,26
-1,46;0,05
0,38;0,05
0,38;0,02
0,38;0,02
0,38;0,01
0,38;0,01
1,55;0,94
5,27;0,77
8,26;1,01
10,6;1,21
12,36;1,35
13,62;1,45
14,27;1,47
14,33;1,44
13,83;1,36
12,83;1,22
11,4;1,04
9,55;0,82
7,41;0,58
4,95;0,3
2,26;-0,02
0,35;-0,03
0,38;0,01
0,35;0,01
0,38;0,01
0,38;0,01
0,38;0,01
0,38;0,01
0,35;0,01
0,38;0,01
0,35;0,01
0,38;0,01
0,38;0,01
0,38;0,01
0,35;0,01
0,38;0,01
0,38;0,01
0,38;0,01
0,38;0,01
0,35;0,01
0,35;0,01
0,38;0,01
0,38;0,01
0,38;0,01
0,38;0,01
0,38;0,01
0,38;0,01
0,35;0,01
0,38;0,01
0,35;0,01
0,35;0,01
0,38;0,01
0,35;0,01
0,35;0,01
0,38;0,01
0,35;0,01
0,38;0,01
0,38;0,01
0,38;0,01
0,35;0,01
0,35;0,01
0,35;0,01
0,35;0,01
0,38;0,01
0,35;0,01
0,35;0,01
0,38;0,01
0,38;0,01
0,35;0,01
0,38;0,01
0,35;0,01
0,35;0,01
0,38;0,01
0,38;0,01
0,35;0,01
0,38;0,01
0,38;0,01
0,38;0,01
0,38;0,01
0,35;0,01
0,35;0,01
0,35;0,01
0,35;0,01
0,35;0,01
0,35;0,01
0,38;0,01
0,35;0,01
0,35;0,01
0,35;0,01
0,35;0,01
0,35;0,01
0,35;0,01
0,38;0,01
0,35;0,01
0,35;0,01
0,35;0,01
0,35;0,02
0,35;0,01
0,35;0,01
0,35;0,01
0,35;0,01
0,35;0,01
0,38;0,01
0,35;0,01
0,35;0,01
0,35;0,01
0,35;0,01
0,35;0,01
0,35;0,01
0,35;0,01
0,35;0,01
0,35;0,01
0,35;0,01
0,35;0,01
0,35;0,01
0,35;0,01
0,35;0,01
0,35;0,01
0,35;0,01
0,35;0,01
0,35;0,01
0,35;0,01
0,35;0,02
0,35;0,01
0,35;0,01
0,35;0,01
0,35;0,01
0,35;0,01
0,35;0,01
0,35;0,01
0,35;0,02
0,35;0,01
0,35;0,01
0,35;0,01
0,35;0,01
0,35;0,01
0,35;0,01
0,35;0,01
0,35;0,01
0,35;0,01
0,35;0,01
0,35;0,01
0,35;0,01
0,35;0,01
0,35;0,01
0,35;0,01
0,35;0,01
0,35;0,01
0,35;0,01
0,35;0,01
0,35;0,01
0,35;0,01
0,35;0,01
0,35;0,01
0,35;0,01
0,35;0,01
0,35;0,01
0,35;0,01
0,35;0,01
0,35;0,01
0,35;0,01
0,35;0,01
0,35;0,01
0,35;0,01
0,35;0,01
0,35;0,01
0,35;0,01
0,35;0,01
0,35;0,01
0,35;0,01
0,35;0,01
0,35;0,01
0,35;0,01
0,35;0,01
0,35;0,01
0,35;0,01
0,35;0,01
0,35;0,01
0,35;0,01
0,35;0,01
0,35;0,01
0,35;0,01
0,35;0,01
0,35;0,01
0,35;0,01
0,35;0,01
0,35;0,01
0,35;0,01
0,35;0,01
0,35;0,01
0,35;0,01
0,35;0,01
0,35;0,01
0,35;0,01
0,35;0,01
0,35;0,01
0,35;0,01
0,35;0,01
0,35;0,02
0,35;0,01
0,35;0,01
0,35;0,01
0,35;0,01
0,35;0,01
0,35;0,01
0,35;0,01
0,35;0,01
0,35;0,01
0,35;0,01
0,35;0,01
0,35;0,01
0,35;0,01
0,35;0,01
0,35;0,02
0,35;0,01
0,35;0,01
0,35;0,01
0,35;0,01
0,35;0,01
0,35;0,01
0,35;0,01
0,35;0,01
0,35;0,01
0,35;0,01
0,35;0,01
0,35;0,01
0,35;0,01
0,35;0,01
0,35;0,01
0,35;0,01
0,35;0,01
0,35;0,01
0,35;0,01
0,35;0,01
0,35;0,01
0,35;0,01
0,35;0,01
0,35;0,01
0,35;0,02
0,35;0,01
0,35;0,01
0,35;0,01
0,35;0,01
0,35;0,01
0,35;0,01
0,35;0,01
0,35;0,01
0,35;0,01
0,35;0,01
0,35;0,01
0,35;0,01
0,35;0,01
0,35;0,01
0,35;0,01
0,35;0,01
0,35;0,01
0,35;0,01
0,35;0,01
0,35;0,01
0,35;0,01
0,35;0,01
0,35;0,01
0,35;0,01
0,35;0,01
0,35;0,01
0,35;0,01
0,35;0,01
0,35;0,01
0,35;0,01
0,35;0,01
0,35;0,01
0,35;0,01
0,35;0,01
0,35;0,01
0,35;0,01
0,35;0,01
0,35;0,01
0,35;0,01
0,35;0,01
0,35;0,01
0,35;0,01
0,35;0,01
0,35;0,01
0,35;0,01
0,35;0,01
0,35;0,01
0,35;0,01
0,35;0,01
0,35;0,01
0,35;0,01
0,35;0,01
0,35;0,01
0,35;0,01
0,35;0,01
0,35;0,01
0,35;0,01
0,35;0,02
0,35;0,01
0,35;0,01
0,35;0,01
0,35;0,01
0,35;0,01
0,35;0,01
0,35;0,01
0,35;0,01
0,35;0,01
0,35;0,01
0,35;0,01
0,35;0,01
0,35;0,01
0,35;0,01
0,35;0,01
0,35;0,01
0,35;0,01
0,35;0,01
0,35;0,01
0,35;0,01
0,35;0,01
0,35;0,01
0,35;0,01
0,35;0,01
0,35;0,01
0,35;0,01
0,35;0,01
0,35;0,01
0,35;0,01
0,35;0,01
0,35;0,01
0,35;0,01
0,35;0,01
0,35;0,01
0,35;0,01
0,35;0,01
0,35;0,01
0,35;0,01
0,35;0,01
0,35;0,01
0,35;0,01
0,35;0,02
0,35;0,01
0,35;0,01
0,35;0,01
0,35;0,01
0,35;0,01
0,35;0,01
0,35;0,01
0,35;0,01
0,35;0,01
0,35;0,01
0,35;0,01
0,35;0,01
0,35;0,01
0,35;0,01
0,35;0,01
0,35;0,01
0,35;0,01
0,35;0,01
0,35;0,01
0,35;0,01
0,35;0,01
0,35;0,01
0,35;0,01
0,35;0,01
0,35;0,01
0,35;0,01
0,35;0,01
0,35;0,01
0,35;0,01
0,35;0,01
0,35;0,01
0,32;0,01
0,35;0,01
0,35;0,01
0,35;0,01
0,35;0,01
0,35;0,01
0,35;0,01
0,35;0,01
0,35;0,01
0,35;0,01
0,35;0,01
0,35;0,02
0,35;0,01
0,32;0,01
0,32;0,01
0,35;0,01
0,35;0,01
0,32;0,01
0,35;0,01
0,35;0,01
0,35;0,01
0,35;0,01
0,35;0,01
0,35;0,01
0,35;0,02
0,35;0,01
0,35;0,01
0,35;0,01
0,35;0,01
0,35;0,01
0,35;0,01
0,32;0,01
0,35;0,01
0,35;0,01
0,32;0,01
0,35;0,01
0,32;0,01
0,32;0,01
0,32;0,01
0,35;0,01
0,35;0,01
0,32;0,01
0,32;0,01
0,32;0,01
0,35;0,01
0,32;0,01
0,32;0,01
0,35;0,01
0,35;0,01
0,35;0,01
0,32;0,01
0,35;0,01
0,35;0,01
0,35;0,01
0,35;0,01
0,32;0,01
0,32;0,01
0,32;0,01
0,35;0,02
0,35;0,01
0,35;0,01
0,35;0,01
0,32;0,01
0,32;0,02
0,32;0,01
0,35;0,01
0,32;0,01
0,35;0,01
0,35;0,01
0,32;0,01
0,35;0,01
0,32;0,01
0,35;0,01
0,35;0,01
0,35;0,01
0,35;0,01
0,35;0,01
0,35;0,01
0,32;0,01
0,32;0,01
0,35;0,01
0,35;0,01
0,35;0,01
0,32;0,01
0,32;0,01
0,35;0,01
0,32;0,01
0,32;0,01
0,32;0,01
0,32;0,01
0,32;0,01
0,32;0,01
0,35;0,01
0,32;0,01
0,35;0,01
0,35;0,01
0,32;0,01
0,35;0,01
0,35;0,01
0,32;0,01
0,32;0,01
0,35;0,01
0,35;0,01
0,35;0,02
0,35;0,01
0,32;0,01
0,35;0,01
0,32;0,01
0,35;0,01
0,35;0,01
0,32;0,01
0,32;0,01
0,35;0,01
0,32;0,01
0,35;0,01
0,32;0,01
0,35;0,01
0,32;0,01
0,35;0,01
0,32;0,01
0,32;0,01
0,32;0,01
0,32;0,01
0,32;0,01
0,32;0,01
0,32;0,01
0,32;0,01
0,32;0,01
0,32;0,01
0,32;0,01
0,32;0,01
0,35;0,01
0,32;0,01
0,32;0,01
0,32;0,01
0,32;0,01
0,32;0,01
0,32;0,01
0,32;0,01
0,35;0,01
0,32;0,01
0,32;0,01
0,32;0,01
0,32;0,01
0,32;0,01
0,32;0,01
0,32;0,01
0,35;0,01
0,32;0,01
0,32;0,01
0,32;0,01
0,32;0,01
0,32;0,01
0,35;0,01
0,32;0,01
0,35;0,01
0,32;0,01
0,32;0,01
0,32;0,01
0,32;0,01
0,32;0,01
0,32;0,01
0,32;0,01
0,32;0,01
0,32;0,01
0,32;0,01
0,32;0,01
0,32;0,01
0,32;0,01
0,32;0,01
0,32;0,01
0,32;0,01
0,32;0,01
0,32;0,01
0,32;0,01
0,32;0,01
0,32;0,01
0,32;0,01
0,32;0,01
0,35;0,01
0,32;0,01
0,32;0,01
0,32;0,02
0,32;0,01
0,32;0,01
0,32;0,01
0,32;0,01
0,32;0,01
0,32;0,01
0,32;0,01
0,32;0,01
0,32;0,01
0,32;0,01
0,32;0,01
0,32;0,01
0,32;0,01
0,32;0,01
0,32;0,01
0,35;0,01
0,32;0,01
0,32;0,01
0,32;0,01
0,32;0,01
0,32;0,01
0,32;0,01
0,32;0,01
0,32;0,01
0,32;0,01
0,32;0,01
0,32;0,01
0,32;0,01
0,32;0,01
0,32;0,01
0,32;0,01
0,32;0,01
0,32;0,01
0,32;0,01
0,32;0,01
0,32;0,01
0,32;0,01
0,32;0,01
0,32;0,01
0,32;0,01
0,32;0,01
0,32;0,01
0,32;0,02
0,32;0,01
0,32;0,01
0,32;0,01
0,32;0,01
0,32;0,01
0,32;0,02
0,32;0,01
0,32;0,01
0,32;0,01
0,32;0,01
0,32;0,01
0,32;0,01
0,32;0,01
0,32;0,01
0,32;0,01
0,32;0,01
0,32;0,01
0,32;0,01
0,32;0,01
0,32;0,01
0,32;0,01
0,32;0,01
0,32;0,01
0,32;0,01
0,32;0,01
0,32;0,01
0,32;0,01
0,32;0,01
0,32;0,01
0,32;0,01
0,32;0,01
0,32;0,01
0,32;0,01
0,32;0,01
0,32;0,01
0,32;0,01
0,32;0,01
0,32;0,01
0,32;0,02
0,32;0,01
0,32;0,01
0,32;0,01
0,32;0,01
0,32;0,01
0,32;0,01
0,32;0,01
0,32;0,01
0,32;0,01
0,32;0,01
0,32;0,01
0,32;0,01
0,32;0,01
0,32;0,01
0,32;0,01
0,32;0,02
0,32;0,01
0,32;0,02
0,32;0,01
0,32;0,01
0,32;0,01
0,32;0,01
0,32;0,01
0,32;0,01
0,32;0,01
0,32;0,01
0,32;0,01
0,32;0,01
0,32;0,01
0,32;0,02
0,32;0,01
0,32;0,01
0,32;0,01
0,32;0,01
0,32;0,01
0,32;0,01
0,32;0,01
0,32;0,01
0,32;0,01
0,32;0,01
0,32;0,01
0,32;0,01
0,32;0,01
0,32;0,01
0,32;0,01
0,32;0,01
0,32;0,01
0,32;0,01
0,32;0,01
0,32;0,01
0,32;0,01
0,32;0,01
0,32;0,01
0,32;0,01
0,32;0,01
0,32;0,01
0,32;0,01
0,32;0,01
0,32;0,01
0,32;0,01
0,32;0,01
0,32;0,01
0,32;0,01
0,32;0,01
0,32;0,01
0,32;0,01
0,32;0,02
0,32;0,01
0,32;0,01
0,32;0,01
0,32;0,01
0,32;0,02
0,32;0,01
-1,52;-0,61
-4,4;-0,47
-6,53;-0,55
-7,91;-0,59
-8,64;-0,59
-8,76;-0,56
-8,29;-0,49
-7,3;-0,39
-5,83;-0,26
-3,98;-0,11
-1,79;0,07
0,35;0,15
0,32;0,02
0,32;0,02
0,32;0,02
0,32;0,01
0,32;0,01
0,32;0,01
0,32;0,01
0,32;0,01
1,99;0,68
4,83;0,49
6,92;0,56
8,32;0,6
9,05;0,61
9,17;0,57
8,67;0,5
7,7;0,41
6,24;0,28
4,42;0,13
2,23;-0,06
0,32;-0,07
0,32;0,01
0,32;0,01
0,32;0,01
0,32;0,01
0,32;0,01
0,32;0,01
0,32;0,01
0,32;0,01
-1,17;-0,69
-4,01;-0,45
-6,12;-0,52
-7,53;-0,56
-8,23;-0,56
-8,38;-0,53
-7,88;-0,46
-6,88;-0,36
-5,42;-0,23
-3,6;-0,08
-1,38;0,11
0,35;0,06
0,32;0,02
0,32;0,02
0,32;0,01
0,32;0,01
0,32;0,01
0,32;0,01
0,32;0,01
0,32;0,01
2,34;0,6
5,1;0,5
7,15;0,57
8,47;0,61
9,17;0,61
9,23;0,58
8,7;0,5
7,7;0,41
6,21;0,28
4,36;0,13
2,14;-0,07
0,32;-0,05
0,32;0,01
0,32;0,01
0,32;0,01
0,32;0,01
0,32;0,02
0,32;0,01
0,32;0,01
0,32;0,01
-1,2;-0,68
-4,01;-0,45
-6,09;-0,52
-7,47;-0,55
-8,17;-0,56
-8,26;-0,52
-7,74;-0,45
-6,74;-0,36
-5,24;-0,22
-3,4;-0,07
-1,17;0,13
0,32;0,04
0,32;0,01
0,32;0,01
0,32;0,01
0,32;0,01
0,32;0,01
0,32;0,01
0,32;0,01
0,32;0,01
2,64;0,54
5,3;0,51
7,3;0,58
8,61;0,62
9,26;0,62
9,29;0,58
8,7;0,51
7,68;0,41
6,12;0,27
4,28;0,12
2,02;-0,08
0,32;-0,03
0,32;0,01
0,32;0,01
0,32;0,01
0,32;0,01
0,32;0,01
0,32;0,01
0,32;0,01
0,32;0,01
-1,5;-0,6
-4,25;-0,46
-6,27;-0,53
-7,59;-0,57
-8,26;-0,57
-8,29;-0,53
-7,74;-0,46
-6,71;-0,36
-5,16;-0,22
-3,31;-0,07
-1,06;0,14
0,32;0,03
0,32;0,01
0,32;0,01
0,32;0,01
0,32;0,01
0,32;0,01
0,32;0,01
0,32;0,01
0,32;0,02
2,78;0,52
5,39;0,52
7,35;0,59
8,61;0,63
9,23;0,63
9,23;0,59
8,61;0,51
7,56;0,41
6;0,27
4,13;0,11
1,82;-0,1
0,32;-0,01
0,32;0,01
0,32;0,01
0,32;0,01
0,32;0,01
0,32;0,01
0,32;0,01
0,32;0,01
0,32;0,01
-1,67;-0,56
-4,34;-0,47
-6,33;-0,54
-7,62;-0,58
-8,23;-0,58
-8,23;-0,54
-7,65;-0,46
-6,56;-0,36
-5,01;-0,22
-3,14;-0,06
-0,88;0,16
0,32;0,02
0,32;0,02
0,32;0,01
0,32;0,01
0,32;0,01
0,32;0,01
0,32;0,01
0,32;0,01
0,32;0,05
3,02;0,5
5,6;0,53
7,5;0,61
8,7;0,64
9,29;0,64
9,23;0,6
8,58;0,52
7,47;0,41
5,89;0,27
3,98;0,11
1,67;-0,11
0,32;0
0,32;0,01
0,32;0,01
0,32;0,01
0,32;0,01
0,32;0,01
0,32;0,01
0,32;0,01
0,32;0,01
-1,9;-0,51
-4,54;-0,48
-6,5;-0,56
-7,7;-0,59
-8,29;-0,59
-8,23;-0,55
-7,62;-0,47
-6,5;-0,36
-4,92;-0,22
-3,02;-0,05
-0,73;0,17
0,32;0,02
0,32;0,02
0,32;0,01
0,32;0,01
0,32;0,01
0,32;0,01
0,32;0,01
0,32;0,01
0,32;0,13
3,16;0,49
5,71;0,55
7,59;0,62
8,73;0,65
9,26;0,65
9,17;0,6
8,5;0,53
7,35;0,41
5,77;0,27
3,81;0,1
1,52;-0,13
0,32;0
0,32;0,01
0,32;0,01
0,32;0,01
0,32;0,01
0,32;0,01
0,32;0,01
0,32;0,01
0,32;0,01
-2,08;-0,49
-4,66;-0,49
-6,56;-0,57
-7,74;-0,6
-8,29;-0,6
-8,2;-0,56
-7,53;-0,48
-6,42;-0,36
-4,8;-0,22
-2,87;-0,05
-0,56;0,19
0,32;0,02
0,32;0,02
0,32;0,01
0,32;0,02
0,32;0,01
0,32;0,01
0,32;0,01
0,32;0,01
0,32;0,3
3,4;0,49
5,86;0,56
7,7;0,63
8,82;0,66
9,29;0,66
9,17;0,62
8,47;0,53
7,26;0,41
5,66;0,27
3,69;0,09
1,35;-0,15
0,32;0
0,32;0,01
0,32;0,01
0,32;0,01
0,32;0,01
0,32;0,01
0,32;0,01
0,32;0,01
0,32;-0,01
-2,28;-0,47
-4,83;-0,51
-6,68;-0,58
-7,79;-0,62
-8,29;-0,62
-8,17;-0,56
-7,47;-0,48
-6,3;-0,36
-4,69;-0,22
-2,72;-0,04
-0,38;0,22
0,32;0,02
0,32;0,02
0,32;0,01
0,32;0,01
0,32;0,01
0,32;0,01
0,32;0,01
0,32;0,01
0,32;0,47
3,58;0,49
6;0,57
7,76;0,64
8,85;0,68
9,26;0,67
9,08;0,62
8,35;0,54
7,15;0,41
5,51;0,26
3,52;0,08
1,17;-0,17
0,32;0,01
0,32;0,01
0,32;0,01
0,32;0,01
0,32;0,01
0,32;0,01
0,32;0,01
0,32;0,01
0,32;-0,1
-2,49;-0,46
-4,98;-0,52
-6,77;-0,6
-7,85;-0,63
-8,29;-0,63
-8,12;-0,58
-7,41;-0,49
-6,18;-0,37
-4,54;-0,22
-2,58;-0,03
-0,24;0,26
0,32;0,02
0,32;0,01
0,32;0,01
0,32;0,01
0,32;0,01
0,32;0,01
0,32;0,01
0,32;0,01
0,5;0,64
3,78;0,5
6,15;0,59
7,88;0,66
8,88;0,7
9,29;0,69
9,05;0,63
8,29;0,55
7,06;0,42
5,39;0,26
3,37;0,07
1;-0,2
0,32;0,01
0,32;0,01
0,32;0,01
0,29;0,01
0,32;0,01
0,32;0,01
0,32;0,01
0,32;0,01
0,29;-0,26
-2,7;-0,46
-5,13;-0,54
-6,88;-0,62
-7,91;-0,65
-8,32;-0,64
-8,08;-0,59
-7,32;-0,5
-6,09;-0,37
-4,42;-0,22
-2,43;-0,02
-0,06;0,29
0,29;0,02
0,32;0,01
0,32;0,01
0,32;0,01
0,32;0,01
0,32;0,01
0,32;0,01
0,32;0,01
0,76;0,75
3,96;0,51
6,3;0,61
7,97;0,68
8,91;0,72
9,29;0,71
9,02;0,65
8,2;0,56
6,94;0,43
5,22;0,26
3,19;0,07
0,79;-0,25
0,32;0,01
0,32;0,01
0,29;0,01
0,32;0,01
0,32;0,01
0,32;0,01
0,29;0,01
0,32;0,01
0,32;-0,43
-2,87;-0,47
-5,27;-0,56
-6,94;-0,64
-7,91;-0,67
-8,29;-0,66
-8,03;-0,61
-7,24;-0,52
-5,98;-0,38
-4,28;-0,22
-2,23;-0,01
0,18;0,28
0,32;0,02
0,32;0,01
0,32;0,01
0,32;0,01
0,32;0,01
0,32;0,01
0,32;0,01
0,32;0,01
1,08;0,84
4,19;0,53
6,48;0,64
8,08;0,71
8,96;0,75
9,26;0,73
8,96;0,67
8,12;0,58
6,83;0,44
5,1;0,26
3,02;0,06
0,58;-0,27
0,32;0,01
0,32;0,01
0,32;0,01
0,32;0,01
0,32;0,01
0,32;0,01
0,32;0,01
0,29;0,01
0,06;-0,63
-3,14;-0,48
-5,45;-0,59
-7,09;-0,67
-8;-0,7
-8,29;-0,69
-8;-0,63
-7,18;-0,54
-5,86;-0,39
-4,13;-0,22
-2,05;0
0,32;0,24
0,32;0,02
0,32;0,01
0,32;0,01
0,32;0,01
0,32;0,01
0,32;0,01
0,32;0,01
0,32;0,01
1,35;0,85
4,4;0,55
6,62;0,67
8,14;0,75
9;0,78
9,26;0,77
8,91;0,71
8,03;0,61
6,68;0,45
4,92;0,27
2,81;0,05
0,41;-0,25
0,29;0,01
0,29;0,01
0,29;0,01
0,32;0,01
0,29;0,01
0,29;0,01
0,29;0,01
0,29;0,01
-0,24;-0,74
-3,34;-0,51
-5,6;-0,63
-7,15;-0,71
-8,03;-0,74
-8,29;-0,73
-7,94;-0,67
-7,06;-0,57
-5,71;-0,41
-3,96;-0,22
-1,88;0,01
0,38;0,18
0,29;0,01
0,32;0,01
0,32;0,01
0,32;0,01
0,32;0,01
0,32;0,01
0,32;0,01
0,32;0,01
1,64;0,81
4,57;0,58
6,77;0,71
8,23;0,79
9,02;0,82
9,23;0,81
8,82;0,75
7,91;0,63
6,5;0,47
4,72;0,28
2,61;0,04
0,2;-0,2
0,29;0,01
0,32;0,01
0,29;0,01
0,29;0,01
0,32;0,01
0,29;0,01
0,29;0,01
0,29;0,01
-0,53;-0,8
-3,58;-0,54
-5,77;-0,66
-7,24;-0,75
-8,06;-0,79
-8,26;-0,77
-7,85;-0,7
-6,97;-0,59
-5,57;-0,43
-3,78;-0,23
-1,67;0,02
0,32;0,13
0,32;0,02
0,29;0,01
0,29;0,01
0,29;0,01
0,32;0,01
0,32;0,01
0,32;0,01
0,32;0,01
1,9;0,76
4,8;0,62
6,92;0,75
8,32;0,83
9,05;0,87
9,2;0,85
8,73;0,78
7,79;0,66
6,36;0,49
4,57;0,28
2,43;0,03
0,26;-0,15
0,29;0,01
0,29;0,01
0,29;0,01
0,32;0,01
0,29;0,01
0,29;0,01
0,29;0,01
0,29;0,01
-0,82;-0,8
-3,78;-0,57
-5,92;-0,7
-7,35;-0,79
-8,12;-0,82
-8,26;-0,81
-7,79;-0,73
-6,86;-0,61
-5,42;-0,44
-3,63;-0,23
-1,46;0,03
0,32;0,08
0,32;0,02
0,32;0,01
0,32;0,01
0,32;0,01
0,32;0,01
0,32;0,01
0,32;0,01
0,29;0,01
2,17;0,7
4,98;0,65
7,03;0,79
8,38;0,87
9,08;0,91
9,17;0,88
8,67;0,81
7,68;0,68
6,21;0,5
4,4;0,28
2,2;0,01
0,29;-0,1
0,29;0,01
0,29;0,01
0,29;0,01
0,29;0,01
0,29;0,01
0,29;0,01
0,29;0,01
0,29;0,01
-1,08;-0,76
-3,98;-0,6
-6,06;-0,74
-7,41;-0,83
-8,12;-0,87
-8,2;-0,85
-7,74;-0,77
-6,74;-0,64
-5,3;-0,45
-3,46;-0,23
-1,29;0,05
0,32;0,05
0,32;0,01
0,29;0,01
0,32;0,01
0,32;0,01
0,29;0,01
0,32;0,01
0,29;0,01
0,29;0,01
2,46;0,64
5,22;0,69
7,18;0,83
8,47;0,92
9,11;0,96
9,14;0,93
8,58;0,85
7,56;0,71
6,06;0,52
4,19;0,28
2,02;0
0,29;-0,06
0,29;0,01
0,29;0,01
0,29;0,01
0,29;0,01
0,29;0,01
0,29;0,01
0,29;0,01
0,29;0,01
-1,41;-0,7
-4,19;-0,63
-6,21;-0,79
-7,5;-0,87
-8,14;-0,91
-8,2;-0,88
-7,68;-0,8
-6,65;-0,66
-5,16;-0,46
-3,28;-0,23
-1,08;0,07
0,32;0,03
0,29;0,01
0,32;0,01
0,32;0,01
0,29;0,01
0,29;0,01
0,32;0,01
0,29;0,01
0,32;0,01
2,7;0,63
5,36;0,72
7,3;0,87
8,52;0,96
9,11;1
9,08;0,96
8,5;0,87
7,44;0,73
5,92;0,52
4,01;0,28
1,82;-0,02
0,29;-0,03
0,29;0,01
0,29;0,01
0,29;0,01
0,29;0,01
0,29;0,01
0,29;0,01
0,29;0,01
0,29;0,01
-1,64;-0,65
-4,36;-0,67
-6,33;-0,82
-7,59;-0,91
-8,17;-0,95
-8,17;-0,92
-7,59;-0,82
-6,53;-0,67
-5,01;-0,47
-3,14;-0,22
-0,91;0,09
0,29;0,02
0,29;0,01
0,29;0,01
0,29;0,01
0,29;0,01
0,29;0,01
0,29;0,01
0,32;0,01
0,29;0,03
2,93;0,62
5,54;0,76
7,41;0,91
8,56;1
9,11;1,03
9,05;0,99
8,41;0,89
7,32;0,74
5,77;0,53
3,84;0,27
1,64;-0,04
0,29;-0,02
0,29;0,01
0,29;0,01
0,29;0,01
0,29;0,01
0,29;0,01
0,29;0,01
0,29;0,01
0,29;0,01
-1,88;-0,62
-4,54;-0,7
-6,44;-0,85
-7,65;-0,94
-8,17;-0,98
-8,14;-0,94
-7,5;-0,84
-6,42;-0,69
-4,89;-0,47
-2,99;-0,22
-0,73;0,11
0,29;0,02
0,29;0,01
0,29;0,01
0,29;0,01
0,29;0,01
0,29;0,01
0,29;0,01
0,29;0,01
0,29;0,12
3,14;0,62
5,68;0,79
7,53;0,94
8,64;1,03
9,11;1,05
9;1,02
8,32;0,91
7,21;0,75
5,62;0,53
3,69;0,26
1,44;-0,07
0,29;-0,01
0,29;0,01
0,29;0,01
0,29;0,01
0,29;0,01
0,29;0,01
0,29;0,01
0,29;0,01
0,29;0,01
-2,11;-0,6
-4,72;-0,72
-6,56;-0,88
-7,7;-0,97
-8,2;-1
-8,12;-0,96
-7,44;-0,85
-6,33;-0,69
-4,75;-0,47
-2,81;-0,2
-0,58;0,14
0,29;0,02
0,29;0,01
0,29;0,01
0,29;0,01
0,29;0,01
0,29;0,01
0,29;0,01
0,29;0,01
0,29;0,28
3,37;0,63
5,86;0,81
7,62;0,97
8,67;1,05
9,11;1,08
8,96;1,03
8,26;0,92
7,09;0,75
5,48;0,52
3,54;0,25
1,29;-0,09
0,29;0
0,29;0,01
0,26;0,01
0,29;0,01
0,26;0,01
0,26;0,01
0,26;0,01
0,26;0,01
0,29;0,01
0,29;0,01
0,29;0,01
0,29;0,01
0,29;0,01
0,29;0,01
0,26;0,01
0,29;0,01
0,29;0,01
0,29;0,01
0,26;0,01
0,26;0,01
0,29;0,01
0,26;0,01
0,29;0,01
0,29;0,01
0,29;0,01
0,29;0,01
0,29;0,01
0,29;0,01
0,29;0,01
0,26;0,01
0,26;0,01
0,29;0,01
0,26;0,01
0,26;0,01
0,29;0,01
0,29;0,01
0,26;0,01
0,29;0,01
0,29;0,01
0,26;0,01
0,26;0,01
0,26;0,01
0,26;0,01
0,26;0,01
0,29;0,01
0,26;0,01
0,26;0,01
0,26;0,01
0,26;0,01
0,26;0,01
0,26;0,01
0,29;0,01
0,29;0,01
0,26;0,01
0,29;0,01
0,29;0,01
0,29;0,01
0,29;0,01
0,26;0,01
0,26;0,01
0,26;0,01
0,26;0,01
0,29;0,01
0,26;0,01
0,29;0,01
0,29;0,01
0,26;0,01
0,29;0,01
0,26;0,01
0,29;0,01
0,26;0,01
0,26;0,01
0,26;0,01
0,26;0,01
0,29;0,01
0,26;0,01
0,26;0,01
0,26;0,01
0,26;0,01
0,26;0,01
0,26;0,01
0,26;0,01
0,26;0,01
0,29;0,01
0,26;0,01
0,26;0,01
0,29;0,01
0,26;0,01
0,29;0,01
0,26;0,01
0,26;0,01
0,26;0,01
0,26;0,01
0,26;0,01
0,26;0,01
0,26;0,01
0,26;0,01
0,26;0,01
0,26;0,01
0,29;0,01
0,26;0,01
0,26;0,01
0,26;0,01
0,26;0,01
0,29;0,01
0,26;0,01
0,26;0,01
0,29;0,01
0,26;0,01
0,26;0,01
0,26;0,01
0,26;0,01
0,26;0,01
0,26;0,01
0,29;0,01
0,26;0,01
0,26;0,01
0,29;0,01
0,29;0,01
0,26;0,01
0,26;0,01
0,26;0,01
0,26;0,01
0,26;0,01
0,26;0,01
0,26;0,01
0,26;0,01
0,26;0,01
0,26;0,01
0,26;0,01
0,26;0,01
0,26;0,01
0,26;0,01
0,26;0,01
0,26;0,01
0,26;0,01
0,26;0,01
0,26;0,01
0,29;0,01
0,29;0,01
0,26;0,01
0,29;0,01
0,29;0,01
0,26;0,01
0,26;0,01
0,26;0,01
0,26;0,01
0,26;0,01
0,26;0,01
0,26;0,01
0,26;0,01
0,26;0,01
0,26;0,01
0,29;0,01
0,26;0,01
0,26;0,01
0,26;0,01
0,26;0,01
0,29;0,01
0,26;0,01
0,26;0,01
0,26;0,01
0,26;0,01
0,26;0,01
0,26;0,01
0,26;0,01
0,26;0,01
0,26;0,01
0,26;0,01
0,26;0,01
0,26;0,01
0,26;0,01
0,26;0,01
0,26;0,01
0,26;0,01
0,26;0,01
0,26;0,01
0,26;0,01
0,26;0,01
0,26;0,01
0,26;0,01
0,26;0,01
0,26;0,01
0,26;0,01
0,26;0,01
0,26;0,01
0,26;0,01
0,26;0,01
0,26;0,01
0,26;0,01
0,26;0,01
0,26;0,01
0,26;0,01
0,26;0,01
0,26;0,01
0,26;0,01
0,26;0,01
0,26;0,01
0,26;0,01
0,26;0,01
0,26;0,01
0,26;0,01
0,26;0,01
0,26;0,01
0,26;0,01
0,26;0,01
0,26;0,01
0,26;0,01
0,26;0,01
0,26;0,01
0,26;0,01
0,26;0,01
0,26;0,01
0,26;0,01
0,26;0,01
0,26;0,01
0,26;0,01
0,26;0,01
0,26;0,01
0,26;0,01
0,26;0,01
0,26;0,01
0,26;0,01
0,26;0,01
0,26;0,01
0,26;0,01
0,26;0,01
0,26;0,01
0,26;0,01
0,26;0,01
0,26;0,01
0,26;0,01
0,26;0,01
0,26;0,01
0,26;0,01
0,26;0,01
0,26;0,01
0,26;0,01
0,26;0,01
0,26;0,01
0,26;0,01
0,26;0,01
0,26;0,01
0,26;0,01
0,26;0,01
0,26;0,01
0,26;0,01
0,26;0,01
0,26;0,01
0,26;0,01
0,26;0,01
0,26;0,01
0,26;0,01
0,26;0,01
0,26;0,01
0,26;0,01
0,26;0,01
0,26;0,01
0,26;0,01
0,26;0,01
0,26;0,01
0,26;0,01
0,26;0,01
0,26;0,01
0,26;0,01
0,26;0,01
0,26;0,01
0,26;0,01
0,26;0,01
0,26;0,01
0,26;0,01
0,26;0,01
0,26;0,01
0,26;0,01
0,26;0,01
0,26;0,01
0,26;0,01
0,26;0,01
0,26;0,01
0,26;0,01
0,26;0,01
0,26;0,01
0,26;0,01
0,26;0,01
0,26;0,01
0,26;0,01
0,26;0,01
0,26;0,01
0,26;0,01
